���;������������;����;
00002628   ;����� ��������� 35-50;81;
O0006031   ;����� ������ �/� ������ 16� 250� IP44 (��������) Universal;80,86;
O0017903   ;������� ��-500� (����������);675,36;
O0002521   ;������ ���������� ECO 250� ���� 0700006001;343,08;
O0002520   ;������ ���������� ECO 400� ���� 0700006002;448;
O0017552   ;������ ���������� ��-500 ;192;
O0009707   ;������ ���������� ��������� 400� (ESAB) 0000500415;895;
O0025859   ;������ ���������� ��������� 600� (ESAB) 0000500416;1�407;
O0022414   ;�������� ��� "�������" � ��������;20�500;
O0000795   ;����� ��������� ������ 5�����, ����� ���.���;;
O0041999   ;���� ��������� 125*6*22 ;;
00000044   ;���� ��������� 125*6*22 ;55,63;
00000964   ;���� ��������� 150*6*22 ;71,3;
00000045   ;���� ��������� 180*6*22 ;89,05;
00000041   ;���� ��������� 230*6*22 ;128,78;
O0006922   ;���� ����������� ��� 125 � 22 � 60 (14� 25/�60) ;63,95;
O0006923   ;���� ����������� ��� 180 � 22 � 60 (14� 25/�60) ;118,97;
00002034   ;���� �������� 125*1,2*22 ;20,53;
00000170   ;���� �������� 125*1,6*22 ;21,62;
O0012268   ;���� �������� 125*1,8*22;29,65;
00000046   ;���� �������� 125*2,5*22 ;27,87;
00000048   ;���� �������� 125*3*22 ;29,29;
O0000791   ;���� �������� 150*1,6*22 ;26,7;
O0004962   ;���� �������� 150*2,5*22 ;32,65;
00000963   ;���� �������� 150*3*22 ;35,77;
00000047   ;���� �������� 180*2,5*22 ;40,22;
00000106   ;���� �������� 180*3*22;43,8;
O0005312   ;���� �������� 230*1,6*22;55,68;
00000042   ;���� �������� 230*2,5*22 ;65,82;
00001444   ;���� �������� 230*2*22;61,42;
O0011386   ;���� �������� 230*3*22 ;73,17;
O0000127   ;����� ���������� 50*200� ����-�������;;
O0001265   ;��� �25�� ����� 1300��;;
00000134   ;������ �� ������� (������� 12 ��) ����� 2-4 ��;67,5;
00001148   ;������ �� ������� (������� 12 ��) ������ 2-4 ��;67,5;
O0046842   ;������-������ Black PM-05 ������, ������ ����� 4�� MunHwa;;
O0046838   ;������-������ White PM-05 �����, ������ ����� 4�� MunHwa;;
00000895   ;������ ��� ����� ���� ������-�� ������ � ��������;150�177;
O0013054   ;����� ��������, ����� (100*10*10);23,52;
O0017085   ;����������� �������� ���������������� ���-02 ������������;;
O0005678   ;���� �������� �������� � ������� ���������� ������������ ������������;67,7;
O0011760   ;�������� �� 2� ������� ��� ���;;
O0016369   ;�������� ��������� ������� ����������;;
O0009164   ;�������� ��������� ���������������, ��������.��� ;;
00001804   ;�������� �/� � ��� 5-�� ���.;15;
O0009676   ;�������� ��������������� ���� ���������� ������������� �����;;
00000326   ;���� ��� ����� ���������� ���� 10/400;6�588;
00000869   ;���� ��� ����� ���������� ���� 20/400;8�039,25;
00000844   ;���� ��� ����� ���������� ���� 40/400;12�747;
00000157   ;������ ������� 40-��-63;270�000;
00000141   ;������������� ������ ���� ���-1020 ��� ���� �1020;10�560;
00000804   ;������������� ������ ���� ���-1220 ��� ���� �1220;12�375;
00000110   ;������������� ������ ���� ���-1420 ��� ���� �1420;12�705;
O0039734   ;������������� ������ ���� ���-1720 ��� ���� �1720;;
O0039735   ;������������� ������ ���� ���-1820 ��� ���� �1820;;
00000893   ;������������� ������ ���� ���-325 ��� ���� �325;4�290;
00000805   ;������������� ������ ���� ���-426 ��� ���� �426;5�445;
00000830   ;������������� ������ ���� ���-530 ��� ���� �530;7�095;
00000831   ;������������� ������ ���� ���-720 ��� ���� �720;7�755;
00000851   ;������������� ������ ���� ���-820 ��� ���� �820;8�250;
O0039733   ;������������� ������ ���� ���-920 ��� ���� �*920;8�580;
00000143   ;���� ������������� �� ���� ���-1020;3�198;
00000864   ;���� ������������� �� ���� ���-108 (89-108);1�015;
00000317   ;���� ������������� �� ���� ���-1220;3�470;
00000146   ;���� ������������� �� ���� ���-1420;3�848;
00000863   ;���� ������������� �� ���� ���-168 (133-168);1�234;
00000892   ;���� ������������� �� ���� ���-219;1�323;
00000953   ;���� ������������� �� ���� ���-273;1�543;
00000753   ;���� ������������� �� ���� ���-325;1�671;
00000952   ;���� ������������� �� ���� ���-377;1�761;
00000849   ;���� ������������� �� ���� ���-426;1�927;
00000719   ;���� ������������� �� ���� ���-530;2�026;
00000752   ;���� ������������� �� ���� ���-720;2�549;
00000850   ;���� ������������� �� ���� ���-820;2�747;
O0021931   ;���� ������������� �� ���� ���-89 (57-89);977;
00001508   ;������� ��-50;;
O0006656   ;��������� ��08�2� 1,2�� 18�� ESAB 2323126710;;
O0004311   ;������ ������������ "���-��" 25�300�� ;648;
00000120   ;�������� ����������� ���-50-12,5 ��������������;1�017;
00000121   ;�������� ���������� ���-5-3 ��������������;793;
O0030831   ;����� ������������� ��-315�;2�217;
00001696   ;������� ��������� 35-50;121;
O0015182   ;������� ���������� ������ 16� 2�+� IP44 �����;197,05;
O0016625   ;������� ����������� ������ � ����������� IP44 Universal;283,59;
O0014988   ;����� ��������� ����������� 80��;4�748;
00000254   ;����� ����������� �� 9��;90;
00001616   ;����� ���������� �� 9��;92,5;
O0000659   ;������� 3�;151,05;
00002832   ;������� 5�;214,74;
00001736   ;����������� 110*90 �-0;19;
00002836   ;����������� 110*90 �-0 ������������;30,7;
00002008   ;����������� 110*90 �-3;47;
00001099   ;����������� 110*90 �-4;48;
00001098   ;����������� 110*90 �-5;48;
O0033179   ;��������� ���������� ��-5.01 �� (� ������������� ������) 00-00016279;15�313,5;
00000911   ;���������� ��-10/150 (220�);2�754;
00001378   ;���������� ��-5/150 (220�);2�497,5;
00001142   ;��� MAKITA 9069/230/2000��   ;11�087;
00001078   ;��� MAKITA 9565HZ/125/1100��;10�858;
00000091   ;��������� ������� �������� ���-1021 �1020;17�860;
00000624   ;��������� ������� �������� ���-111 �108-114;3�990;
00000092   ;��������� ������� �������� ���-1221 �1220;21�850;
00000093   ;��������� ������� �������� ���-1421 �1420;25�270;
00000625   ;��������� ������� �������� ���-151 �159-168;4�370;
00000083   ;��������� ������� �������� ���-211 �219;4�560;
00001020   ;��������� ������� �������� ���-271 �273;8�360;
00000084   ;��������� ������� �������� ���-321 �325;9�310;
00000085   ;��������� ������� �������� ���-371 �377;9�880;
00000086   ;��������� ������� �������� ���-421 �426;10�070;
00000622   ;��������� ������� �������� ���-51;3�363;
00000087   ;��������� ������� �������� ���-531 �530;12�350;
00000088   ;��������� ������� �������� ���-631 �630;15�390;
00001431   ;��������� ������� �������� ���-71;3�458;
00000089   ;��������� ������� �������� ���-721 �720;16�150;
00000623   ;��������� ������� �������� ���-81;3�610;
00000090   ;��������� ������� �������� ���-821 �820;17�480;
00000938   ;��������� �������� �������������� ��� 16-21 (168-219);9�310;
00000808   ;��������� �������� �������������� ��� 27-32 (273-325);14�250;
00000302   ;��������� �������� �������������� ��� 37-42 (377-426);15�485;
00000348   ;��������� �������� �������������� ��� 8-15 (89-159);7�030;
O0000460   ;������� D40;;
00000139   ;������ �������� ������������� ���-3;1�442;
00000437   ;����� �������� ��� ��� 125*22 ����.;162;
00000049   ;����� �������� ��� ��� 175*22 ����.;340,02;
00000378   ;����� �������� ��� ��� 200*22 ����.;357,75;
O0045422   ;����� �������� �������� ������� ��-10 PREMIER Favorit (11);;
O0003063   ;������������������ CONFORT 200 700006004 ESAB;744,51;
00002869   ;������������������ CONFORT 300 0700006005 ESAB;944,78;
O0000397   ;������������������ CONFORT 400 0700006015 ESAB;1�031;
00001971   ;������������������ HANDY 200 700006003;707,76;
00001972   ;������������������ HANDY 300 0700006016;1�081,14;
00001973   ;������������������ HANDY 400 0700006013;1�360,1;
O0011516   ;������������������ Varteg EH-500;;
00000018   ;��������� LB-52U 2,6�� Kobe Steel 5��;;
00000015   ;��������� LB-52U 3,2�� Kobe Steel 5��;;
00000019   ;��������� LB-52U 4�� Kobe Steel 5��;;
O0007253   ;��������� Nittetsu L-60LT 3,2�� ;;
O0007254   ;��������� Nittetsu L-60LT 4,0��;;
O0005031   ;��������� Nittetsu-16W 2,6��;;
O0005032   ;��������� Nittetsu-16W 3,2�� ;;
O0005648   ;��������� Nittetsu-16W 4,0�� ;;
O0004329   ;��������� ���-01� 2,5�� ���� 4,5�� 3906253WM0;;
O0003925   ;��������� ���-01� 3,0�� ���� 4,5�� 3906303WM0;;
O0004305   ;��������� ���-02 4,0�� ���� 6�� 3933404WM0;;
00000292   ;��������� �� 46 2,5�� ����-���� 5,3�� 4600253AM0;;
O0002129   ;��������� �� 46 2�� ����-���� 2,0�� 4600202WD0;;
O0011175   ;��������� �� 46 3�� ����-���� 2,5�� 4600303WD0;;
00000012   ;��������� �� 46 3�� ����-���� 5,3�� 4600303AM0;;
00000013   ;��������� �� 46 4�� ����-���� 6,6�� 4600404AM0;;
00000278   ;��������� �� 46 5�� ����-���� 6,6�� 4600504AM0;;
00000014   ;��������� �� 53.70 2,5*350�� ESAB 4,5�� 5370253000;;
O0005469   ;��������� �� 53.70 2,5��  ����-���� ����� 4,5�� 5370253W00;;
O0004344   ;��������� �� 53.70 3,2��  ����-���� ����� 4,5�� 5370323W00;;
O0004348   ;��������� �� 53.70 4.0�� ����-���� ����� 6�� 5370404W00;;
O0006748   ;��������� �� 74.70 3,25*350�� ESAB 4,5��   ����� ;;
O0005041   ;��������� �� 74.70 4,0�� ESAB 6��   ����� ;;
00000031   ;��������� ���� 13/55 3�� ���� 3��;;
O0018384   ;��������� ���� 13/55 4�� ���� 5,5��;;
O0039292   ;��������� ����� 13/55 3�� 5�� ���������;;
O0003092   ;��������� ����� 13/55 3�� ����� ��� 4,5�� 3913303WM0;;
00000006   ;��������� ����� 13/55 3�� ����-���� 4,5�� 5676303WM0;;
O0039293   ;��������� ����� 13/55 4�� 7�� ���������;;
O0003093   ;��������� ����� 13/55 4�� ����� ���  6 �� 3913404WM0;;
00000009   ;��������� ����� 13/55 4�� ����-���� 6�� 5676404WM0;;

